VehicleID,Split,FuelTime,FuelLevel,DeltaFuel,AbsDeltaFuel,RollingStd12,Speed,GpsSpeedKmh,flat_jitter_threshold,spike_threshold,event_threshold,Label,future3_median,prev_fuel,Label_Legacy
Car 1,train,2025-11-21 10:35:01.000001,224.9,121.7,121.7,33.34287675884544,0.0,0.0,0.9573,3.8292,11.168500000000002,UPWARD_SHIFT,366.9,103.2,REFUEL
Car 1,train,2025-11-24 08:55:40.999999,199.4,105.30000000000001,105.30000000000001,28.615801530312275,0.0,0.0,0.9573,3.8292,11.168500000000002,UPWARD_SHIFT,251.1,94.1,REFUEL
Car 1,train,2025-12-01 08:50:02,87.9,13.100000000000009,13.100000000000009,3.082071814002178,0.0,2.0108530488515117,0.9573,3.8292,11.168500000000002,UPWARD_SHIFT,277.1,74.8,REFUEL
Car 1,train,2025-12-03 07:00:04.000003,222.5,138.2,138.2,38.88739084416267,0.0,0.0,0.9573,3.8292,11.168500000000002,UPWARD_SHIFT,286.6,84.3,REFUEL
Car 1,train,2025-12-05 10:05:43.000002,237.9,113.5,113.5,31.097936694685497,0.0,0.0,0.9573,3.8292,11.168500000000002,UPWARD_SHIFT,278.4,124.4,REFUEL
Car 1,train,2025-12-13 07:05:01.999997,155.0,50.7,50.7,13.72057457494644,0.0,2.7558885095699006,0.9573,3.8292,11.168500000000002,UPWARD_SHIFT,255.0,104.3,REFUEL
Car 1,train,2025-12-15 09:40:04.000002,145.2,36.69999999999999,36.69999999999999,9.491575211733823,0.0,3.992318578595811,0.9573,3.8292,11.168500000000002,UPWARD_SHIFT,258.3,108.5,REFUEL
Car 1,train,2025-12-18 12:35:23.999997,178.6,59.5,59.5,15.812571914636642,0.0,0.0,0.9573,3.8292,11.168500000000002,UPWARD_SHIFT,322.3,119.1,REFUEL
Car 1,train,2025-12-24 07:25:43.999997,149.1,84.69999999999999,84.69999999999999,22.858312067069946,0.0,0.6472331335256734,0.9573,3.8292,11.168500000000002,UPWARD_SHIFT,211.5,64.4,REFUEL
Car 1,train,2025-12-26 07:15:00.999999,176.6,103.69999999999999,103.69999999999999,28.305018940502798,0.0,0.0,0.9573,3.8292,11.168500000000002,UPWARD_SHIFT,221.3,72.9,REFUEL
Car 1,train,2025-12-28 09:10:29.000001,176.1,103.69999999999999,103.69999999999999,27.70665784407944,0.0,0.0,0.9573,3.8292,11.168500000000002,UPWARD_SHIFT,324.0,72.4,REFUEL
Car 1,train,2025-12-30 15:40:28.999998,138.1,33.8,33.8,8.425589329866222,0.0,8.368520830682733,0.9573,3.8292,11.168500000000002,UPWARD_SHIFT,255.8,104.3,REFUEL
Car 1,train,2026-01-09 12:40:12.000003,153.7,12.5,12.5,3.970271471266867,0.0,0.0,0.9573,3.8292,11.168500000000002,UPWARD_SHIFT,146.1,141.2,REFUEL
Car 1,train,2026-01-10 06:45:12.000001,212.4,106.4,106.4,29.024285808037842,0.0,0.0,0.9573,3.8292,11.168500000000002,UPWARD_SHIFT,257.2,106.0,REFUEL
Car 1,train,2026-01-12 07:25:28.000004,202.7,111.49999999999999,111.49999999999999,30.700419604443336,0.0,0.0,0.9573,3.8292,11.168500000000002,UPWARD_SHIFT,243.6,91.2,REFUEL
Car 1,train,2026-01-14 06:49:59.999998,119.9,27.700000000000003,27.700000000000003,7.59819057407749,0.0,1.3540837497573606,0.9573,3.8292,11.168500000000002,UPWARD_SHIFT,243.8,92.2,REFUEL
Car 1,train,2026-01-19 06:35:10,144.0,70.1,70.1,18.890141094114558,0.0,0.0,0.9573,3.8292,11.168500000000002,UPWARD_SHIFT,223.6,73.9,REFUEL
Car 1,train,2026-01-25 06:20:02.999999,157.6,40.8,40.8,11.099734105924439,0.0,1.5203143223133213,0.9573,3.8292,11.168500000000002,UPWARD_SHIFT,268.4,116.8,REFUEL
Car 1,train,2026-01-26 11:50:15.999997,185.1,30.19999999999999,30.19999999999999,7.695358449524403,0.0,0.5564846357344219,0.9573,3.8292,11.168500000000002,UPWARD_SHIFT,253.3,154.9,REFUEL
Car 1,train,2026-01-27 12:20:16.000002,122.5,30.200000000000003,30.200000000000003,8.010145476553815,0.0,0.0,0.9573,3.8292,11.168500000000002,UPWARD_SHIFT,292.9,92.3,REFUEL
Car 1,train,2026-01-30 11:10:42.000001,167.4,70.10000000000001,70.10000000000001,18.52298122153487,0.0,0.12959968859424748,0.9573,3.8292,11.168500000000002,UPWARD_SHIFT,299.1,97.3,REFUEL
Car 1,train,2026-02-01 10:15:00.999999,256.9,93.09999999999997,93.09999999999997,24.927465608574536,0.0,0.0,0.9573,3.8292,11.168500000000002,UPWARD_SHIFT,371.7,163.8,REFUEL
Car 1,train,2026-02-06 16:31:22.999996,170.3,44.30000000000001,44.30000000000001,11.582877688880066,0.0,0.5231526020135865,0.9573,3.8292,11.168500000000002,UPWARD_SHIFT,328.1,126.0,REFUEL
Car 1,train,2026-03-07 13:30:13.999997,142.8,33.20000000000002,33.20000000000002,8.78421485139996,0.0,1.3899307152667522,0.9573,3.8292,11.168500000000002,UPWARD_SHIFT,313.4,109.6,REFUEL
Car 1,train,2026-03-22 11:20:06.000003,124.0,42.400000000000006,42.400000000000006,10.91195827215873,0.0,1.3919419438233351,0.9573,3.8292,11.168500000000002,UPWARD_SHIFT,234.2,81.6,REFUEL
Car 1,train,2026-03-28 07:00:43.999998,187.9,101.5,101.5,27.720673943627144,0.0,1.3257017455281233,0.9573,3.8292,11.168500000000002,UPWARD_SHIFT,238.4,86.4,REFUEL
Car 1,train,2026-04-01 10:20:45.000001,156.9,84.80000000000001,84.80000000000001,23.14195324513469,0.0,0.0,0.9573,3.8292,11.168500000000002,UPWARD_SHIFT,220.1,72.1,REFUEL
Car 1,train,2026-04-09 13:55:44.000003,107.1,30.69999999999999,30.69999999999999,8.02245113554593,0.0,7.194172566983566,0.9573,3.8292,11.168500000000002,UPWARD_SHIFT,299.7,76.4,REFUEL
Car 1,train,2026-04-12 13:40:50.999998,173.2,68.6,68.6,18.20949080989239,0.0,0.8871287437936516,0.9573,3.8292,11.168500000000002,UPWARD_SHIFT,306.8,104.6,REFUEL
Car 1,train,2026-04-15 07:10:51.000001,240.5,103.1,103.1,27.899177357445904,0.0,0.0,0.9573,3.8292,11.168500000000002,UPWARD_SHIFT,286.1,137.4,REFUEL
Car 1,train,2026-04-19 15:05:11.999999,167.3,81.50000000000001,81.50000000000001,22.306737895881497,0.0,0.0,0.9573,3.8292,11.168500000000002,UPWARD_SHIFT,239.6,85.8,REFUEL
Car 1,train,2026-04-22 07:05:25.999999,151.9,78.4,78.4,21.165871048039158,0.0,0.0,0.9573,3.8292,11.168500000000002,UPWARD_SHIFT,225.9,73.5,REFUEL
Car 1,train,2026-04-28 16:20:02,115.8,17.599999999999994,17.599999999999994,4.659816400770408,0.0,0.8245445174046775,0.9573,3.8292,11.168500000000002,UPWARD_SHIFT,251.4,98.2,REFUEL
Car 1,train,2026-05-21 10:05:13.000004,245.0,142.6,142.6,38.13822448235715,0.0,0.0,0.9573,3.8292,11.168500000000002,UPWARD_SHIFT,304.3,102.4,REFUEL
Car 1,train,2026-05-25 09:30:13,157.5,55.8,55.8,15.490398011528159,0.0,0.3439568617231581,0.9573,3.8292,11.168500000000002,UPWARD_SHIFT,300.2,101.7,REFUEL
Car 1,train,2026-06-03 08:10:13.999999,145.7,21.69999999999999,21.69999999999999,5.903265339341154,0.0,0.0,0.9573,3.8292,11.168500000000002,UPWARD_SHIFT,322.4,124.0,REFUEL
Car 1,train,2026-06-12 11:35:43.999996,245.3,131.9,131.9,35.77325486853117,0.0,0.0,0.9573,3.8292,11.168500000000002,UPWARD_SHIFT,310.0,113.4,REFUEL
Car 1,train,2026-06-13 11:35:04.000001,260.1,11.400000000000034,11.400000000000034,4.231101774032655,0.0,0.0,0.9573,3.8292,11.168500000000002,UPWARD_SHIFT,251.8,248.7,REFUEL
Car 1,train,2026-06-17 12:55:45.000002,113.5,31.5,31.5,8.075111798331683,0.0,0.0,0.9573,3.8292,11.168500000000002,UPWARD_SHIFT,95.4,82.0,REFUEL
Car 1,train,2026-06-18 06:20:43.000002,139.8,60.000000000000014,60.000000000000014,16.56887141600176,0.0,1.5285223224863935,0.9573,3.8292,11.168500000000002,UPWARD_SHIFT,277.3,79.8,REFUEL
Car 1,train,2026-06-20 09:00:14.999999,200.3,14.200000000000017,14.200000000000017,4.452901675686692,0.0,0.0,0.9573,3.8292,11.168500000000002,UPWARD_SHIFT,181.9,186.1,REFUEL
Car 1,train,2026-06-20 09:25:14.999998,188.9,12.200000000000017,12.200000000000017,10.383597508677918,0.0,0.0,0.9573,3.8292,11.168500000000002,UPWARD_SHIFT,199.0,176.7,REFUEL
Car 1,train,2026-06-22 16:15:14.999996,104.3,18.200000000000003,18.200000000000003,4.672161943064712,0.0,0.6013201090467823,0.9573,3.8292,11.168500000000002,UPWARD_SHIFT,280.9,86.1,REFUEL
Car 1,train,2026-06-30 06:10:02.000001,100.9,13.100000000000009,13.100000000000009,3.2764627776511275,0.0,7.209955961786212,0.9573,3.8292,11.168500000000002,UPWARD_SHIFT,287.1,87.8,REFUEL
Car 1,train,2026-07-03 12:05:02.000003,219.8,12.900000000000006,12.900000000000006,6.197731439809249,0.0,0.0,0.9573,3.8292,11.168500000000002,UPWARD_SHIFT,213.4,206.9,REFUEL
Car 1,train,2026-07-11 15:00:02.999998,208.8,105.4,105.4,28.587617511782966,0.0,0.0,0.9573,3.8292,11.168500000000002,UPWARD_SHIFT,290.5,103.4,REFUEL
Car 1,train,2026-07-13 10:35:51,186.0,11.900000000000006,11.900000000000006,6.060505112795654,0.0,0.0,0.9573,3.8292,11.168500000000002,UPWARD_SHIFT,179.2,174.1,REFUEL
Car 1,train,2026-07-22 08:20:14.000004,109.3,41.89999999999999,41.89999999999999,11.642889460954269,0.0,15.926759051081925,0.9573,3.8292,11.168500000000002,UPWARD_SHIFT,149.2,67.4,REFUEL
Car 2,train,2025-11-22 07:30:08.000001,81.1,56.3,56.3,14.690718914410628,0.0,0.0,1.0,2.2992,6.706,UPWARD_SHIFT,193.7,24.8,REFUEL
Car 2,train,2025-11-22 07:35:07.999998,158.4,77.30000000000001,77.30000000000001,37.620037509580214,0.0,0.0,1.0,2.2992,6.706,UPWARD_SHIFT,194.7,81.1,REFUEL
Car 2,train,2025-11-26 07:30:05.999996,82.7,43.7,43.7,11.385248740756124,0.0,0.0,1.0,2.2992,6.706,UPWARD_SHIFT,194.7,39.0,REFUEL
Car 2,train,2025-11-28 08:55:05.999998,113.7,53.7,53.7,14.607501402437798,0.0,0.0,1.0,2.2992,6.706,UPWARD_SHIFT,187.9,60.0,REFUEL
Car 2,train,2025-12-01 10:10:09.000002,71.0,7.5,7.5,1.998263134713633,0.0,0.5785294670948818,1.0,2.2992,6.706,UPWARD_SHIFT,193.7,63.5,REFUEL
Car 2,train,2025-12-03 15:10:14.000001,78.5,59.4,59.4,15.039584343399328,0.0,0.0,1.0,2.2992,6.706,UPWARD_SHIFT,193.2,19.1,REFUEL
Car 2,train,2025-12-03 15:15:14,146.5,68.0,68.0,35.250968268813395,0.0,0.0,1.0,2.2992,6.706,UPWARD_SHIFT,193.2,78.5,REFUEL
Car 2,train,2025-12-10 17:50:04.000004,134.2,66.69999999999999,66.69999999999999,18.33935317834301,0.0,0.0,1.0,2.2992,6.706,UPWARD_SHIFT,190.0,67.5,REFUEL
Car 2,train,2025-12-12 07:05:00.000001,133.2,64.69999999999999,64.69999999999999,16.90497132667061,0.0,0.0,1.0,2.2992,6.706,UPWARD_SHIFT,188.9,68.5,REFUEL
Car 2,train,2025-12-15 09:24:59.999999,92.4,39.400000000000006,39.400000000000006,10.82190101907547,0.0,0.0,1.0,2.2992,6.706,UPWARD_SHIFT,189.5,53.0,REFUEL
Car 2,train,2025-12-15 09:29:59.999997,161.1,68.69999999999999,68.69999999999999,30.77787241762425,0.0,0.0,1.0,2.2992,6.706,UPWARD_SHIFT,189.5,92.4,REFUEL
Car 2,train,2025-12-17 08:35:01.000003,152.4,88.9,88.9,24.38415924780312,0.0,0.0,1.0,2.2992,6.706,UPWARD_SHIFT,187.9,63.5,REFUEL
Car 2,train,2025-12-19 16:25:08.999996,65.5,20.6,20.6,5.408551613468763,0.0,0.3093442043697258,1.0,2.2992,6.706,UPWARD_SHIFT,188.9,44.9,REFUEL
Car 2,train,2025-12-19 16:30:09.000003,129.5,64.0,64.0,23.22573405131089,0.0,0.0,1.0,2.2992,6.706,UPWARD_SHIFT,190.5,65.5,REFUEL
Car 2,train,2025-12-24 09:20:09.000004,91.9,33.00000000000001,33.00000000000001,8.900842656737622,0.0,0.0,1.0,2.2992,6.706,UPWARD_SHIFT,187.4,58.9,REFUEL
Car 2,train,2025-12-26 09:20:00.000001,103.7,45.900000000000006,45.900000000000006,12.686089823109405,0.0,0.0,1.0,2.2992,6.706,UPWARD_SHIFT,188.9,57.8,REFUEL
Car 2,train,2026-01-02 16:45:07.000001,69.5,24.6,24.6,6.335460169202831,0.0,0.0,1.0,2.2992,6.706,UPWARD_SHIFT,168.1,44.9,REFUEL
Car 2,train,2026-01-02 16:50:06.999999,140.5,71.0,71.0,26.024054044074088,0.0,0.0,1.0,2.2992,6.706,UPWARD_SHIFT,168.1,69.5,REFUEL
Car 2,train,2026-01-06 14:50:04.999998,90.3,33.0,33.0,8.612825546177566,0.0,0.0,1.0,2.2992,6.706,UPWARD_SHIFT,152.4,57.3,REFUEL
Car 2,train,2026-01-11 07:25:08.000003,69.0,26.299999999999997,26.299999999999997,7.210062413044702,0.0,0.0,1.0,2.2992,6.706,UPWARD_SHIFT,189.5,42.7,REFUEL
Car 2,train,2026-01-15 16:40:07.999997,91.9,18.900000000000006,18.900000000000006,4.647662196081908,0.0,0.0,1.0,2.2992,6.706,UPWARD_SHIFT,185.3,73.0,REFUEL
Car 2,train,2026-01-19 07:35:01.000001,80.5,50.0,50.0,13.378984349427359,0.0,0.0,1.0,2.2992,6.706,UPWARD_SHIFT,185.3,30.5,REFUEL
Car 2,train,2026-01-19 07:40:00.999998,144.9,64.4,64.4,32.78977122857405,0.0,0.0,1.0,2.2992,6.706,UPWARD_SHIFT,186.8,80.5,REFUEL
Car 2,train,2026-01-23 16:05:08.000001,156.2,76.19999999999999,76.19999999999999,20.103648093484587,0.0,0.28989621267999344,1.0,2.2992,6.706,UPWARD_SHIFT,187.9,80.0,REFUEL
Car 2,train,2026-01-28 09:00:09.000003,97.8,41.0,41.0,11.095331851228647,0.0,0.0,1.0,2.2992,6.706,UPWARD_SHIFT,188.4,56.8,REFUEL
Car 2,train,2026-01-28 09:05:09.000001,157.8,60.000000000000014,60.000000000000014,28.88413996757852,0.0,0.0,1.0,2.2992,6.706,UPWARD_SHIFT,188.4,97.8,REFUEL
Car 2,train,2026-01-30 08:55:03,117.9,72.5,72.5,20.9094127527931,0.0,0.0,1.0,2.2992,6.706,UPWARD_SHIFT,190.0,45.4,REFUEL
Car 2,train,2026-02-01 17:00:03.999997,143.8,34.900000000000006,34.900000000000006,9.528681120117776,0.0,0.0,1.0,2.2992,6.706,UPWARD_SHIFT,188.4,108.9,REFUEL
Car 2,train,2026-02-05 09:10:07.999997,121.6,47.099999999999994,47.099999999999994,12.85498984398233,0.0,0.0,1.0,2.2992,6.706,UPWARD_SHIFT,184.7,74.5,REFUEL
Car 2,train,2026-02-08 15:15:01.999999,55.1,29.400000000000002,29.400000000000002,7.737943130373142,0.0,0.0,1.0,2.2992,6.706,UPWARD_SHIFT,178.9,25.7,REFUEL
Car 2,train,2026-02-08 15:20:01.999997,117.9,62.800000000000004,62.800000000000004,25.360318686658673,0.0,0.0,1.0,2.2992,6.706,UPWARD_SHIFT,180.0,55.1,REFUEL
Car 2,train,2026-02-27 15:45:41.999999,116.3,46.8,46.8,12.966098959294666,0.0,0.0,1.0,2.2992,6.706,UPWARD_SHIFT,183.7,69.5,REFUEL
Car 2,train,2026-03-02 08:00:18.000003,160.5,71.3,71.3,19.644910282309766,0.0,0.0,1.0,2.2992,6.706,UPWARD_SHIFT,192.1,89.2,REFUEL
Car 2,train,2026-03-05 10:20:04.000004,114.2,49.7,49.7,13.51630702357547,0.0,0.0,1.0,2.2992,6.706,UPWARD_SHIFT,191.1,64.5,REFUEL
Car 2,train,2026-03-09 15:55:02.000001,85.9,32.400000000000006,32.400000000000006,8.542670672700794,0.0,0.0,1.0,2.2992,6.706,UPWARD_SHIFT,127.9,53.5,REFUEL
Car 2,train,2026-03-13 07:30:29.999998,44.9,17.299999999999997,17.299999999999997,4.745604691595043,0.0,0.0,1.0,2.2992,6.706,UPWARD_SHIFT,132.6,27.6,REFUEL
Car 2,train,2026-03-16 10:20:04.999998,41.1,22.0,22.0,5.627437743374471,0.0,0.0,1.0,2.2992,6.706,UPWARD_SHIFT,190.0,19.1,REFUEL
Car 2,train,2026-03-16 10:25:05.000005,133.7,92.6,92.6,31.19963830808869,0.0,0.0,1.0,2.2992,6.706,UPWARD_SHIFT,191.1,41.1,REFUEL
Car 2,train,2026-03-20 06:40:01.000004,94.1,41.099999999999994,41.099999999999994,11.359439906967243,0.0,1.1699944838023093,1.0,2.2992,6.706,UPWARD_SHIFT,152.4,53.0,REFUEL
Car 2,train,2026-04-04 14:50:11.999996,47.6,15.200000000000003,15.200000000000003,3.457710787340215,0.0,0.0,1.0,2.2992,6.706,UPWARD_SHIFT,85.4,32.4,REFUEL
Car 2,train,2026-04-10 13:50:02.999999,94.1,68.39999999999999,68.39999999999999,18.83558061813392,0.0,0.0,1.0,2.2992,6.706,UPWARD_SHIFT,129.5,25.7,REFUEL
Car 2,train,2026-04-11 10:00:00.000003,131.6,23.69999999999999,23.69999999999999,6.498311746565835,0.0,0.0,1.0,2.2992,6.706,UPWARD_SHIFT,196.3,107.9,REFUEL
Car 2,train,2026-04-24 10:25:04.000002,50.8,8.599999999999994,8.599999999999994,2.2702178064866114,0.0,7.103894849159828,1.0,2.2992,6.706,UPWARD_SHIFT,182.6,42.2,REFUEL
Car 2,train,2026-04-27 16:05:00.000001,51.9,21.4,21.4,5.2919947404861745,0.0,0.0,1.0,2.2992,6.706,UPWARD_SHIFT,187.4,30.5,REFUEL
Car 2,train,2026-05-01 06:50:05.000001,75.0,7.5,7.5,1.8980069956550623,0.0,0.22876137450554906,1.0,2.2992,6.706,UPWARD_SHIFT,181.6,67.5,REFUEL
Car 2,train,2026-05-01 06:55:04.999999,128.9,53.900000000000006,53.900000000000006,16.201971759291798,0.0,0.0,1.0,2.2992,6.706,UPWARD_SHIFT,182.1,75.0,REFUEL
Car 2,train,2026-05-06 08:00:04.999999,55.7,16.700000000000003,16.700000000000003,4.061882431692096,0.0,4.430428509116794,1.0,2.2992,6.706,UPWARD_SHIFT,188.9,39.0,REFUEL
Car 2,train,2026-05-13 07:45:04.999997,50.8,38.099999999999994,38.099999999999994,10.605069542440539,0.0,1.9690709138346154,1.0,2.2992,6.706,UPWARD_SHIFT,125.8,12.7,REFUEL
Car 2,train,2026-05-14 17:40:08,66.5,26.5,26.5,6.953351510043356,0.0,1.3623354626367974,1.0,2.2992,6.706,UPWARD_SHIFT,160.5,40.0,REFUEL
Car 2,train,2026-05-27 07:40:17,118.9,54.400000000000006,54.400000000000006,15.035365716277814,0.0,0.0,1.0,2.2992,6.706,UPWARD_SHIFT,163.2,64.5,REFUEL
Car 2,train,2026-05-29 10:25:00.000002,53.0,27.3,27.3,7.062749503950679,0.0,0.0,1.0,2.2992,6.706,UPWARD_SHIFT,127.4,25.7,REFUEL
Car 2,train,2026-05-31 08:45:06.000002,73.5,30.299999999999997,30.299999999999997,8.421710534881457,0.0,0.0,1.0,2.2992,6.706,UPWARD_SHIFT,163.2,43.2,REFUEL
Car 2,train,2026-05-31 08:50:06,135.3,61.80000000000001,61.80000000000001,26.074695055210565,0.0,0.0,1.0,2.2992,6.706,UPWARD_SHIFT,163.8,73.5,REFUEL
Car 2,train,2026-06-02 09:40:08.999996,87.0,28.1,28.1,7.932720564570238,0.0,0.0,1.0,2.2992,6.706,UPWARD_SHIFT,187.4,58.9,REFUEL
Car 2,train,2026-06-06 11:41:43.999999,70.5,28.299999999999997,28.299999999999997,7.871092504997144,0.0,0.0,1.0,2.2992,6.706,UPWARD_SHIFT,191.1,42.2,REFUEL
Car 2,train,2026-06-06 11:45:03.000004,138.4,67.9,67.9,27.082901278605043,0.0,0.0,1.0,2.2992,6.706,UPWARD_SHIFT,192.1,70.5,REFUEL
Car 2,train,2026-06-11 09:10:06.000001,104.2,72.80000000000001,72.80000000000001,20.000909701533303,0.0,0.0,1.0,2.2992,6.706,UPWARD_SHIFT,184.7,31.4,REFUEL
Car 2,train,2026-06-15 10:25:01.999998,79.0,34.1,34.1,8.900947983220664,0.0,0.0,1.0,2.2992,6.706,UPWARD_SHIFT,177.3,44.9,REFUEL
Car 2,train,2026-06-15 10:30:01.999996,138.4,59.400000000000006,59.400000000000006,26.0333266645318,0.0,0.0,1.0,2.2992,6.706,UPWARD_SHIFT,177.8,79.0,REFUEL
Car 2,train,2026-06-18 14:35:05.999997,89.7,43.800000000000004,43.800000000000004,12.062646084319791,0.0,0.0,1.0,2.2992,6.706,UPWARD_SHIFT,186.3,45.9,REFUEL
Car 2,train,2026-06-21 08:40:01.000001,81.6,16.099999999999994,16.099999999999994,4.464489519157443,0.0,0.0,1.0,2.2992,6.706,UPWARD_SHIFT,186.8,65.5,REFUEL
Car 2,train,2026-06-25 08:25:08.999999,53.0,8.700000000000003,8.700000000000003,2.1312978570710284,0.0,0.0,1.0,2.2992,6.706,UPWARD_SHIFT,137.9,44.3,REFUEL
Car 2,train,2026-06-26 17:45:30.999997,65.0,49.5,49.5,12.622430981743925,0.0,0.0,1.0,2.2992,6.706,UPWARD_SHIFT,169.7,15.5,REFUEL
Car 2,train,2026-06-26 17:50:31.000004,122.6,57.599999999999994,57.599999999999994,30.079546160509505,0.0,0.0,1.0,2.2992,6.706,UPWARD_SHIFT,169.7,65.0,REFUEL
Car 2,train,2026-06-29 08:30:22.000001,138.9,82.10000000000001,82.10000000000001,22.307751206450394,0.0,0.0,1.0,2.2992,6.706,UPWARD_SHIFT,189.5,56.8,REFUEL
Car 2,train,2026-07-02 10:50:06.999999,90.8,32.4,32.4,8.459938271379736,0.0,0.0,1.0,2.2992,6.706,UPWARD_SHIFT,186.3,58.4,REFUEL
Car 2,train,2026-07-08 09:30:03.000004,58.9,17.299999999999997,17.299999999999997,4.249795746725821,0.0,0.5027199033473134,1.0,2.2992,6.706,UPWARD_SHIFT,160.5,41.6,REFUEL
Car 2,train,2026-07-08 09:35:03.000002,132.1,73.19999999999999,73.19999999999999,24.202965555209687,0.0,0.0,1.0,2.2992,6.706,UPWARD_SHIFT,160.5,58.9,REFUEL
Car 2,train,2026-07-11 06:40:01.999998,87.0,37.3,37.3,10.252597909256409,0.0,0.0,1.0,2.2992,6.706,UPWARD_SHIFT,171.9,49.7,REFUEL
Car 2,train,2026-07-18 07:25:03,73.0,49.2,49.2,13.40393806146371,0.0,0.0,1.0,2.2992,6.706,UPWARD_SHIFT,103.7,23.8,REFUEL
Car 3,train,2025-11-22 12:05:41.000004,258.9,146.7,146.7,39.119237239780404,0.0,0.0,1.0015484999999986,4.0061939999999945,11.684732499999985,UPWARD_SHIFT,319.9,112.2,REFUEL
Car 3,train,2025-12-03 10:00:42.999995,216.3,102.50000000000001,102.50000000000001,27.637725827008435,0.0,0.0,1.0015484999999986,4.0061939999999945,11.684732499999985,UPWARD_SHIFT,320.6,113.8,REFUEL
Car 3,train,2025-12-06 07:55:13.000002,245.5,141.3,141.3,38.51440928045272,0.0,0.0,1.0015484999999986,4.0061939999999945,11.684732499999985,UPWARD_SHIFT,314.9,104.2,REFUEL
Car 3,train,2025-12-09 09:30:14.000003,136.0,12.200000000000003,12.200000000000003,4.217448873430477,0.0,1.2099637538125918,1.0015484999999986,4.0061939999999945,11.684732499999985,UPWARD_SHIFT,338.9,123.8,REFUEL
Car 3,train,2025-12-14 07:05:42,239.0,133.6,133.6,36.473045602959395,0.0,0.0,1.0015484999999986,4.0061939999999945,11.684732499999985,UPWARD_SHIFT,317.7,105.4,REFUEL
Car 3,train,2025-12-17 15:40:40.999999,272.4,142.09999999999997,142.09999999999997,38.41194385286372,0.0,0.0,1.0015484999999986,4.0061939999999945,11.684732499999985,UPWARD_SHIFT,333.9,130.3,REFUEL
Car 3,train,2026-01-01 06:35:04.000004,224.6,103.8,103.8,28.619004709380715,0.0,0.0,1.0015484999999986,4.0061939999999945,11.684732499999985,UPWARD_SHIFT,327.1,120.8,REFUEL
Car 3,train,2026-01-11 12:05:02.000003,260.7,108.29999999999998,108.29999999999998,29.9689237192277,0.0,0.8602734635193818,1.0015484999999986,4.0061939999999945,11.684732499999985,UPWARD_SHIFT,358.2,152.4,REFUEL
Car 3,train,2026-01-15 13:30:13.000003,222.4,89.0,89.0,23.471760514854157,0.0,0.0,1.0015484999999986,4.0061939999999945,11.684732499999985,UPWARD_SHIFT,341.6,133.4,REFUEL
Car 3,train,2026-01-18 11:55:43.000003,224.5,81.19999999999999,81.19999999999999,22.160111812794526,0.0,0.8238853774933033,1.0015484999999986,4.0061939999999945,11.684732499999985,UPWARD_SHIFT,341.7,143.3,REFUEL
Car 3,train,2026-01-21 10:30:51.000002,272.7,134.89999999999998,134.89999999999998,36.91803609198204,0.0,0.0,1.0015484999999986,4.0061939999999945,11.684732499999985,UPWARD_SHIFT,339.3,137.8,REFUEL
Car 3,train,2026-01-27 12:30:45.000003,188.5,94.5,94.5,26.709313554555376,0.0,0.0,1.0015484999999986,4.0061939999999945,11.684732499999985,UPWARD_SHIFT,303.0,94.0,REFUEL
Car 3,train,2026-02-03 12:10:44,151.2,23.299999999999983,23.299999999999983,6.25057775107407,0.0,2.511298686957592,1.0015484999999986,4.0061939999999945,11.684732499999985,UPWARD_SHIFT,331.4,127.9,REFUEL
Car 3,train,2026-03-04 09:00:23,182.6,47.599999999999994,47.599999999999994,14.521600290601581,0.0,0.7145714038691124,1.0015484999999986,4.0061939999999945,11.684732499999985,UPWARD_SHIFT,331.9,135.0,REFUEL
Car 3,train,2026-03-18 07:15:13,209.0,61.19999999999999,61.19999999999999,16.279759075476377,0.0,0.7846991952157732,1.0015484999999986,4.0061939999999945,11.684732499999985,UPWARD_SHIFT,252.8,147.8,REFUEL
Car 3,train,2026-03-20 12:40:01.999998,179.9,42.400000000000006,42.400000000000006,11.058920481774983,0.0,3.350242284253428,1.0015484999999986,4.0061939999999945,11.684732499999985,UPWARD_SHIFT,235.8,137.5,REFUEL
Car 3,train,2026-03-22 05:40:02.000003,255.4,104.20000000000002,104.20000000000002,28.884149584542424,0.0,0.0,1.0015484999999986,4.0061939999999945,11.684732499999985,UPWARD_SHIFT,357.6,151.2,REFUEL
Car 3,train,2026-04-01 06:50:48.000002,129.8,12.900000000000006,12.900000000000006,3.4830841218667143,0.0,0.3339362273828261,1.0015484999999986,4.0061939999999945,11.684732499999985,UPWARD_SHIFT,219.9,116.9,REFUEL
Car 3,train,2026-04-05 05:50:47.999999,204.5,42.900000000000006,42.900000000000006,12.16973420233801,0.0,0.0,1.0015484999999986,4.0061939999999945,11.684732499999985,UPWARD_SHIFT,264.9,161.6,REFUEL
Car 3,train,2026-04-16 13:15:41.000002,169.2,42.79999999999998,42.79999999999998,12.236239436834973,0.0,0.6007131909067437,1.0015484999999986,4.0061939999999945,11.684732499999985,UPWARD_SHIFT,327.5,126.4,REFUEL
Car 3,train,2026-04-22 11:40:43,178.3,40.10000000000002,40.10000000000002,11.34517763437645,0.0,0.0,1.0015484999999986,4.0061939999999945,11.684732499999985,UPWARD_SHIFT,344.9,138.2,REFUEL
Car 3,train,2026-05-07 13:25:12.999996,190.2,31.399999999999977,31.399999999999977,11.107664395962512,0.0,0.5045158399531804,1.0015484999999986,4.0061939999999945,11.684732499999985,UPWARD_SHIFT,351.4,158.8,REFUEL
Car 3,val,2026-05-14 14:40:13.999996,154.5,36.099999999999994,36.099999999999994,9.031991751546277,0.0,0.6715134256376012,1.0015484999999986,4.0061939999999945,11.684732499999985,UPWARD_SHIFT,317.1,118.4,REFUEL
Car 3,val,2026-05-18 09:00:13.999997,200.1,89.69999999999999,89.69999999999999,23.447310909545443,0.0,0.7468352839473892,1.0015484999999986,4.0061939999999945,11.684732499999985,UPWARD_SHIFT,314.2,110.4,REFUEL
Car 3,val,2026-05-23 08:15:20.000002,124.4,29.0,29.0,8.321040933814846,0.0,0.0,1.0015484999999986,4.0061939999999945,11.684732499999985,UPWARD_SHIFT,300.3,95.4,REFUEL
Car 3,val,2026-05-27 13:45:51.999998,160.4,29.099999999999994,29.099999999999994,7.278373597323941,0.0,0.0,1.0015484999999986,4.0061939999999945,11.684732499999985,UPWARD_SHIFT,325.5,131.3,REFUEL
Car 3,val,2026-06-05 06:20:13.000004,239.6,135.3,135.3,37.826984599474606,0.0,0.0,1.0015484999999986,4.0061939999999945,11.684732499999985,UPWARD_SHIFT,308.8,104.3,REFUEL
Car 3,val,2026-06-11 06:25:40.999996,282.0,144.6,144.6,39.686332659997696,0.0,0.0,1.0015484999999986,4.0061939999999945,11.684732499999985,UPWARD_SHIFT,341.8,137.4,REFUEL
Car 3,val,2026-06-21 17:00:42.999998,124.8,13.5,13.5,7.5814832908138055,0.0,1.4538856195016816,1.0015484999999986,4.0061939999999945,11.684732499999985,UPWARD_SHIFT,113.7,111.3,REFUEL
Car 3,val,2026-06-23 14:25:08.999999,167.4,143.20000000000002,143.20000000000002,41.771503943079026,0.0,0.0,1.0015484999999986,4.0061939999999945,11.684732499999985,UPWARD_SHIFT,282.8,24.2,REFUEL
Car 3,val,2026-06-25 13:50:40.000004,29.6,15.400000000000002,15.400000000000002,97.86899797121093,0.0,0.0,1.0015484999999986,4.0061939999999945,11.684732499999985,UPWARD_SHIFT,213.3,14.2,REFUEL
Car 3,val,2026-06-25 13:55:40.000002,146.5,116.9,116.9,94.97493053725049,0.0,0.0,1.0015484999999986,4.0061939999999945,11.684732499999985,UPWARD_SHIFT,213.8,29.6,REFUEL
Car 3,val,2026-06-28 15:30:40,186.1,66.39999999999999,66.39999999999999,17.138964298411448,0.0,0.6654044882173432,1.0015484999999986,4.0061939999999945,11.684732499999985,UPWARD_SHIFT,317.5,119.7,REFUEL
Car 3,val,2026-07-03 15:00:40.999997,40.0,17.2,17.2,8.600662119214363,0.0,0.0,1.0015484999999986,4.0061939999999945,11.684732499999985,UPWARD_SHIFT,217.8,22.8,REFUEL
Car 3,val,2026-07-04 14:40:40.999996,52.4,40.099999999999994,40.099999999999994,13.848533315842511,0.0,0.0,1.0015484999999986,4.0061939999999945,11.684732499999985,UPWARD_SHIFT,211.0,12.3,REFUEL
Car 3,val,2026-07-06 13:35:41.000004,112.1,51.8,51.8,22.355554865252916,0.0,0.0,1.0015484999999986,4.0061939999999945,11.684732499999985,UPWARD_SHIFT,28.4,60.3,REFUEL
Car 3,val,2026-07-07 06:05:41.000004,203.2,81.79999999999998,81.79999999999998,22.157855391611243,0.0,0.0,1.0015484999999986,4.0061939999999945,11.684732499999985,UPWARD_SHIFT,321.6,121.4,REFUEL
Car 3,val,2026-07-11 12:50:45.000004,23.9,13.7,13.7,65.66154537982385,0.0,0.0,1.0015484999999986,4.0061939999999945,11.684732499999985,UPWARD_SHIFT,2.7,10.2,REFUEL
Car 3,val,2026-07-12 14:05:45.000001,186.3,162.8,162.8,51.04918107951281,0.0,0.0,1.0015484999999986,4.0061939999999945,11.684732499999985,UPWARD_SHIFT,51.6,23.5,REFUEL
Car 3,val,2026-07-12 14:45:45.000003,64.4,32.400000000000006,32.400000000000006,61.30319628698001,0.0,0.0,1.0015484999999986,4.0061939999999945,11.684732499999985,UPWARD_SHIFT,184.4,32.0,REFUEL
Car 3,val,2026-07-13 13:05:13.999998,94.9,58.60000000000001,58.60000000000001,24.545954633888023,0.0,0.0,1.0015484999999986,4.0061939999999945,11.684732499999985,UPWARD_SHIFT,150.6,36.3,REFUEL
Car 3,val,2026-07-13 13:25:13.999999,196.4,48.70000000000002,48.70000000000002,67.00358821237363,0.0,0.0,1.0015484999999986,4.0061939999999945,11.684732499999985,UPWARD_SHIFT,334.5,147.7,REFUEL
Car 3,val,2026-07-14 12:40:43.000003,200.9,185.1,185.1,131.7075231969179,0.0,0.0,1.0015484999999986,4.0061939999999945,11.684732499999985,UPWARD_SHIFT,295.9,15.8,REFUEL
Car 5,test,2025-11-29 11:00:04.999999,257.5,81.6,81.6,21.410996331065235,0.0,0.4767178390550819,2.3864,7.1592,20.881000000000004,UPWARD_SHIFT,391.6,175.9,REFUEL
Car 5,test,2025-12-06 07:45:51.999998,357.3,138.10000000000002,138.10000000000002,38.10119931037459,0.0,0.0,2.3864,7.1592,20.881000000000004,UPWARD_SHIFT,598.8,219.2,REFUEL
Car 5,test,2025-12-25 17:00:04.999999,220.8,25.100000000000023,25.100000000000023,7.76915196287357,0.0,0.0,2.3864,7.1592,20.881000000000004,UPWARD_SHIFT,578.8,195.7,REFUEL
Car 5,test,2025-12-25 17:05:04.999998,414.4,193.59999999999997,193.59999999999997,59.88143087709986,0.0,0.0,2.3864,7.1592,20.881000000000004,UPWARD_SHIFT,578.8,220.8,REFUEL
Car 5,test,2025-12-30 14:30:04.999997,286.4,165.49999999999997,165.49999999999997,45.30077875219757,0.0,0.0,2.3864,7.1592,20.881000000000004,UPWARD_SHIFT,596.1,120.9,REFUEL
Car 5,test,2025-12-30 14:35:05.000004,499.5,213.10000000000002,213.10000000000002,109.19793063769824,0.0,0.0,2.3864,7.1592,20.881000000000004,UPWARD_SHIFT,598.7,286.4,REFUEL
Car 5,test,2026-01-14 09:35:26.000002,407.9,200.49999999999997,200.49999999999997,55.40045815594748,0.0,0.0,2.3864,7.1592,20.881000000000004,UPWARD_SHIFT,598.0,207.4,REFUEL
Car 5,test,2026-01-24 08:05:31.999998,366.2,173.1,173.1,52.435672230097545,0.0,0.0,2.3864,7.1592,20.881000000000004,UPWARD_SHIFT,574.5,193.1,REFUEL
Car 5,test,2026-02-11 10:45:05.999999,151.2,73.19999999999999,73.19999999999999,26.528510606515397,0.0,3.1532952396465324,2.3864,7.1592,20.881000000000004,UPWARD_SHIFT,571.6,78.0,REFUEL
Car 5,test,2026-02-11 10:50:05.999997,350.4,199.2,199.2,68.97694612855966,0.0,0.0,2.3864,7.1592,20.881000000000004,UPWARD_SHIFT,573.5,151.2,REFUEL
Car 5,test,2026-03-02 16:50:02.999999,341.4,236.49999999999997,236.49999999999997,62.40825265940394,0.0,0.0,2.3864,7.1592,20.881000000000004,UPWARD_SHIFT,597.5,104.9,REFUEL
Car 5,test,2026-03-14 09:40:57,321.6,179.70000000000002,179.70000000000002,50.44712509703161,0.0,0.0,2.3864,7.1592,20.881000000000004,UPWARD_SHIFT,534.1,141.9,REFUEL
Car 5,test,2026-03-24 11:30:19.999996,215.2,29.099999999999994,29.099999999999994,8.045374792733744,0.0,0.49167299403187925,2.3864,7.1592,20.881000000000004,UPWARD_SHIFT,485.3,186.1,REFUEL
Car 5,test,2026-04-14 08:05:12.999999,345.6,146.20000000000002,146.20000000000002,38.381559338075654,0.0,0.0,2.3864,7.1592,20.881000000000004,UPWARD_SHIFT,508.3,199.4,REFUEL
Car 5,test,2026-05-18 08:20:59.000001,166.3,24.0,24.0,6.6332495807108,0.0,0.0,2.3864,7.1592,20.881000000000004,UPWARD_SHIFT,156.1,142.3,REFUEL
Car 5,test,2026-05-18 09:50:59.000001,461.1,315.8,315.8,86.35107724670647,0.0,0.0,2.3864,7.1592,20.881000000000004,UPWARD_SHIFT,598.8,145.3,REFUEL
Car 5,test,2026-06-12 08:06:56.999998,410.8,173.60000000000002,173.60000000000002,52.741410569768505,0.0,0.03475588055778928,2.3864,7.1592,20.881000000000004,UPWARD_SHIFT,216.4,237.2,REFUEL
Car 5,test,2026-07-04 05:35:09.999997,330.3,102.10000000000002,102.10000000000002,26.906747398293163,0.0,0.0,2.3864,7.1592,20.881000000000004,UPWARD_SHIFT,281.3,228.2,REFUEL
